Designator,Footprint,Quantity,Value,LCSC Part #
BZ1,Buzzer_15x7.5RM7.6,1,Active buzzer 5V,
"C1, C2, C3, C6",0805,4,100nF,
C4,0805,1,10µF,
C5,0805,1,47µF,
J1,PinHeader_2x17_P2.54mm_Vertical,1,Floppy Shugart 34-pin,
J2,TE_171826-4,1,171826-4,
J3,PinHeader_1x04_P2.54mm_Vertical,1,Display connector,
J4,PinHeader_1x04_P2.54mm_Vertical,1,LED connector,
J5,PinHeader_1x06_P2.54mm_Vertical,1,Conn_01x06_Pin,
Q1,SOT-23,1,BC817,
R1,0805,1,1K,
"R2, R3",0805,2,470R,
"R4, R5",0805,2,10K,
R6,0805,1,150R,
SW1,SW_Tactile_SKHH_Angled,1,SW_Prev,
SW2,SW_Tactile_SKHH_Angled,1,SW_Next,
U1,ESP32-S3-DevKitC-OTRONIC,1,ESP32-S3-DevKitC,
U2,SOIC-8_5.3x5.3mm_P1.27mm,1,W25Q128JVS,
U3,SOIC-20W_7.5x12.8mm_P1.27mm,1,SN74LVC245APW,
U5,SOIC-16_3.9x9.9mm_P1.27mm,1,ULN2003A,
