Designator,Mid X,Mid Y,Rotation,Layer
BZ1,165.55,-26.125,0.0,top
C1,179.55,-70.825,0.0,top
C2,135.525,-80.025,180.0,top
C3,180.225,-74.775,270.0,top
C4,102.725,-71.45,180.0,top
C5,177.725,-74.775,270.0,top
C6,178.55,-60.4,90.0,top
J1,183.98,-45.43,180.0,top
J2,185.0,-77.5,90.0,top
J3,134.25,-29.19,0.0,top
J4,95.0,-75.5,0.0,top
J5,102.625,-52.38,180.0,top
Q1,146.0865,-27.024,180.0,top
R1,142.024,-27.224,90.0,top
R2,95.8,-67.7625,90.0,top
R3,99.025,-67.75,90.0,top
R4,169.95,-74.7375,90.0,top
R5,167.125,-74.7125,90.0,top
R6,161.85,-38.2,270.0,top
SW1,89.775,-78.15,90.0,top
SW2,89.8,-70.25,90.0,top
U1,133.7984,-58.75184,90.0,top
U2,142.225,-78.125,90.0,top
U3,170.3,-66.1,180.0,top
U5,152.15,-38.48,270.0,top
